R, 0xe3b01a80, 
W, 0xe3b01670, 47324 
R, 0xe3b01a84, 
W, 0xe3b016b0, 36668 
R, 0xe3b01a88, 
W, 0xe3b016f0, 41421 
R, 0xe3b01a8c, 
W, 0xe3b01730, 44886 
R, 0xe3b01a90, 
W, 0xe3b01770, 34871 
R, 0xe3b01a94, 
W, 0xe3b017b0, 34998 
R, 0xe3b01a98, 
W, 0xe3b017f0, 35235 
R, 0xe3b01a9c, 
W, 0xe3b01830, 49639 
R, 0xe3b01aa0, 
W, 0xe3b01870, 43597 
R, 0xe3b01aa4, 
W, 0xe3b018b0, 28958 
R, 0xe3b01aa8, 
W, 0xe3b018f0, 44102 
R, 0xe3b01aac, 
W, 0xe3b01930, 51999 
R, 0xe3b01ab0, 
W, 0xe3b01970, 24802 
R, 0xe3b01ab4, 
W, 0xe3b019b0, 32392 
R, 0xe3b01ab8, 
W, 0xe3b019f0, 48715 
R, 0xe3b01abc, 
W, 0xe3b01a30, 43883 
R, 0xe3b01ac0, 
W, 0xe3b01674, 47659 
R, 0xe3b01ac4, 
W, 0xe3b016b4, 42782 
R, 0xe3b01ac8, 
W, 0xe3b016f4, 44333 
R, 0xe3b01acc, 
W, 0xe3b01734, 50535 
R, 0xe3b01ad0, 
W, 0xe3b01774, 46922 
R, 0xe3b01ad4, 
W, 0xe3b017b4, 40962 
R, 0xe3b01ad8, 
W, 0xe3b017f4, 39321 
R, 0xe3b01adc, 
W, 0xe3b01834, 61341 
R, 0xe3b01ae0, 
W, 0xe3b01874, 48429 
R, 0xe3b01ae4, 
W, 0xe3b018b4, 39244 
R, 0xe3b01ae8, 
W, 0xe3b018f4, 51244 
R, 0xe3b01aec, 
W, 0xe3b01934, 56075 
R, 0xe3b01af0, 
W, 0xe3b01974, 30767 
R, 0xe3b01af4, 
W, 0xe3b019b4, 44852 
R, 0xe3b01af8, 
W, 0xe3b019f4, 54709 
R, 0xe3b01afc, 
W, 0xe3b01a34, 47189 
R, 0xe3b01b00, 
W, 0xe3b01678, 51005 
R, 0xe3b01b04, 
W, 0xe3b016b8, 42855 
R, 0xe3b01b08, 
W, 0xe3b016f8, 43294 
R, 0xe3b01b0c, 
W, 0xe3b01738, 47165 
R, 0xe3b01b10, 
W, 0xe3b01778, 48742 
R, 0xe3b01b14, 
W, 0xe3b017b8, 42305 
R, 0xe3b01b18, 
W, 0xe3b017f8, 35205 
R, 0xe3b01b1c, 
W, 0xe3b01838, 62342 
R, 0xe3b01b20, 
W, 0xe3b01878, 43654 
R, 0xe3b01b24, 
W, 0xe3b018b8, 33318 
R, 0xe3b01b28, 
W, 0xe3b018f8, 47724 
R, 0xe3b01b2c, 
W, 0xe3b01938, 53866 
R, 0xe3b01b30, 
W, 0xe3b01978, 26140 
R, 0xe3b01b34, 
W, 0xe3b019b8, 41488 
R, 0xe3b01b38, 
W, 0xe3b019f8, 62059 
R, 0xe3b01b3c, 
W, 0xe3b01a38, 49381 
R, 0xe3b01b40, 
W, 0xe3b0167c, 32857 
R, 0xe3b01b44, 
W, 0xe3b016bc, 34637 
R, 0xe3b01b48, 
W, 0xe3b016fc, 33430 
R, 0xe3b01b4c, 
W, 0xe3b0173c, 38346 
R, 0xe3b01b50, 
W, 0xe3b0177c, 36438 
R, 0xe3b01b54, 
W, 0xe3b017bc, 29239 
R, 0xe3b01b58, 
W, 0xe3b017fc, 30235 
R, 0xe3b01b5c, 
W, 0xe3b0183c, 46425 
R, 0xe3b01b60, 
W, 0xe3b0187c, 37393 
R, 0xe3b01b64, 
W, 0xe3b018bc, 35565 
R, 0xe3b01b68, 
W, 0xe3b018fc, 41576 
R, 0xe3b01b6c, 
W, 0xe3b0193c, 38702 
R, 0xe3b01b70, 
W, 0xe3b0197c, 21203 
R, 0xe3b01b74, 
W, 0xe3b019bc, 38207 
R, 0xe3b01b78, 
W, 0xe3b019fc, 41241 
R, 0xe3b01b7c, 
W, 0xe3b01a3c, 31831 
R, 0xe3b01b80, 
W, 0xe3b01680, 48452 
R, 0xe3b01b84, 
W, 0xe3b016c0, 41948 
R, 0xe3b01b88, 
W, 0xe3b01700, 38351 
R, 0xe3b01b8c, 
W, 0xe3b01740, 41549 
R, 0xe3b01b90, 
W, 0xe3b01780, 38078 
R, 0xe3b01b94, 
W, 0xe3b017c0, 33796 
R, 0xe3b01b98, 
W, 0xe3b01800, 31706 
R, 0xe3b01b9c, 
W, 0xe3b01840, 51355 
R, 0xe3b01ba0, 
W, 0xe3b01880, 46876 
R, 0xe3b01ba4, 
W, 0xe3b018c0, 34312 
R, 0xe3b01ba8, 
W, 0xe3b01900, 42104 
R, 0xe3b01bac, 
W, 0xe3b01940, 49518 
R, 0xe3b01bb0, 
W, 0xe3b01980, 20581 
R, 0xe3b01bb4, 
W, 0xe3b019c0, 41018 
R, 0xe3b01bb8, 
W, 0xe3b01a00, 56662 
R, 0xe3b01bbc, 
W, 0xe3b01a40, 36520 
R, 0xe3b01bc0, 
W, 0xe3b01684, 45291 
R, 0xe3b01bc4, 
W, 0xe3b016c4, 38057 
R, 0xe3b01bc8, 
W, 0xe3b01704, 40866 
R, 0xe3b01bcc, 
W, 0xe3b01744, 40862 
R, 0xe3b01bd0, 
W, 0xe3b01784, 37234 
R, 0xe3b01bd4, 
W, 0xe3b017c4, 33202 
R, 0xe3b01bd8, 
W, 0xe3b01804, 30263 
R, 0xe3b01bdc, 
W, 0xe3b01844, 49726 
R, 0xe3b01be0, 
W, 0xe3b01884, 40648 
R, 0xe3b01be4, 
W, 0xe3b018c4, 30886 
R, 0xe3b01be8, 
W, 0xe3b01904, 41616 
R, 0xe3b01bec, 
W, 0xe3b01944, 45226 
R, 0xe3b01bf0, 
W, 0xe3b01984, 18660 
R, 0xe3b01bf4, 
W, 0xe3b019c4, 33472 
R, 0xe3b01bf8, 
W, 0xe3b01a04, 54959 
R, 0xe3b01bfc, 
W, 0xe3b01a44, 41110 
R, 0xe3b01c00, 
W, 0xe3b01688, 29587 
R, 0xe3b01c04, 
W, 0xe3b016c8, 27751 
R, 0xe3b01c08, 
W, 0xe3b01708, 37309 
R, 0xe3b01c0c, 
W, 0xe3b01748, 30377 
R, 0xe3b01c10, 
W, 0xe3b01788, 27109 
R, 0xe3b01c14, 
W, 0xe3b017c8, 29139 
R, 0xe3b01c18, 
W, 0xe3b01808, 20906 
R, 0xe3b01c1c, 
W, 0xe3b01848, 32388 
R, 0xe3b01c20, 
W, 0xe3b01888, 23298 
R, 0xe3b01c24, 
W, 0xe3b018c8, 24295 
R, 0xe3b01c28, 
W, 0xe3b01908, 29859 
R, 0xe3b01c2c, 
W, 0xe3b01948, 36053 
R, 0xe3b01c30, 
W, 0xe3b01988, 10901 
R, 0xe3b01c34, 
W, 0xe3b019c8, 21165 
R, 0xe3b01c38, 
W, 0xe3b01a08, 41298 
R, 0xe3b01c3c, 
W, 0xe3b01a48, 37362 
R, 0xe3b01c40, 
W, 0xe3b0168c, 30717 
R, 0xe3b01c44, 
W, 0xe3b016cc, 32906 
R, 0xe3b01c48, 
W, 0xe3b0170c, 25676 
R, 0xe3b01c4c, 
W, 0xe3b0174c, 32103 
R, 0xe3b01c50, 
W, 0xe3b0178c, 32549 
R, 0xe3b01c54, 
W, 0xe3b017cc, 27292 
R, 0xe3b01c58, 
W, 0xe3b0180c, 30180 
R, 0xe3b01c5c, 
W, 0xe3b0184c, 47529 
R, 0xe3b01c60, 
W, 0xe3b0188c, 32530 
R, 0xe3b01c64, 
W, 0xe3b018cc, 26087 
R, 0xe3b01c68, 
W, 0xe3b0190c, 36729 
R, 0xe3b01c6c, 
W, 0xe3b0194c, 35826 
R, 0xe3b01c70, 
W, 0xe3b0198c, 21101 
R, 0xe3b01c74, 
W, 0xe3b019cc, 38988 
R, 0xe3b01c78, 
W, 0xe3b01a0c, 38143 
R, 0xe3b01c7c, 
W, 0xe3b01a4c, 31272 
R, 0xe3b01c80, 
W, 0xe3b01690, 41054 
R, 0xe3b01c84, 
W, 0xe3b016d0, 43096 
R, 0xe3b01c88, 
W, 0xe3b01710, 40631 
R, 0xe3b01c8c, 
W, 0xe3b01750, 35381 
R, 0xe3b01c90, 
W, 0xe3b01790, 32860 
R, 0xe3b01c94, 
W, 0xe3b017d0, 33284 
R, 0xe3b01c98, 
W, 0xe3b01810, 33705 
R, 0xe3b01c9c, 
W, 0xe3b01850, 45162 
R, 0xe3b01ca0, 
W, 0xe3b01890, 34810 
R, 0xe3b01ca4, 
W, 0xe3b018d0, 24608 
R, 0xe3b01ca8, 
W, 0xe3b01910, 31747 
R, 0xe3b01cac, 
W, 0xe3b01950, 45653 
R, 0xe3b01cb0, 
W, 0xe3b01990, 20320 
R, 0xe3b01cb4, 
W, 0xe3b019d0, 36038 
R, 0xe3b01cb8, 
W, 0xe3b01a10, 44718 
R, 0xe3b01cbc, 
W, 0xe3b01a50, 44003 
R, 0xe3b01cc0, 
W, 0xe3b01694, 35529 
R, 0xe3b01cc4, 
W, 0xe3b016d4, 31983 
R, 0xe3b01cc8, 
W, 0xe3b01714, 29957 
R, 0xe3b01ccc, 
W, 0xe3b01754, 33198 
R, 0xe3b01cd0, 
W, 0xe3b01794, 32178 
R, 0xe3b01cd4, 
W, 0xe3b017d4, 27670 
R, 0xe3b01cd8, 
W, 0xe3b01814, 27889 
R, 0xe3b01cdc, 
W, 0xe3b01854, 39742 
R, 0xe3b01ce0, 
W, 0xe3b01894, 31337 
R, 0xe3b01ce4, 
W, 0xe3b018d4, 21861 
R, 0xe3b01ce8, 
W, 0xe3b01914, 30852 
R, 0xe3b01cec, 
W, 0xe3b01954, 40402 
R, 0xe3b01cf0, 
W, 0xe3b01994, 22474 
R, 0xe3b01cf4, 
W, 0xe3b019d4, 33030 
R, 0xe3b01cf8, 
W, 0xe3b01a14, 36774 
R, 0xe3b01cfc, 
W, 0xe3b01a54, 35521 
R, 0xe3b01d00, 
W, 0xe3b01698, 35889 
R, 0xe3b01d04, 
W, 0xe3b016d8, 32648 
R, 0xe3b01d08, 
W, 0xe3b01718, 38463 
R, 0xe3b01d0c, 
W, 0xe3b01758, 35367 
R, 0xe3b01d10, 
W, 0xe3b01798, 32765 
R, 0xe3b01d14, 
W, 0xe3b017d8, 34601 
R, 0xe3b01d18, 
W, 0xe3b01818, 33921 
R, 0xe3b01d1c, 
W, 0xe3b01858, 43757 
R, 0xe3b01d20, 
W, 0xe3b01898, 32767 
R, 0xe3b01d24, 
W, 0xe3b018d8, 29777 
R, 0xe3b01d28, 
W, 0xe3b01918, 40554 
R, 0xe3b01d2c, 
W, 0xe3b01958, 42659 
R, 0xe3b01d30, 
W, 0xe3b01998, 18652 
R, 0xe3b01d34, 
W, 0xe3b019d8, 38518 
R, 0xe3b01d38, 
W, 0xe3b01a18, 44357 
R, 0xe3b01d3c, 
W, 0xe3b01a58, 36387 
R, 0xe3b01d40, 
W, 0xe3b0169c, 53854 
R, 0xe3b01d44, 
W, 0xe3b016dc, 44079 
R, 0xe3b01d48, 
W, 0xe3b0171c, 41923 
R, 0xe3b01d4c, 
W, 0xe3b0175c, 44431 
R, 0xe3b01d50, 
W, 0xe3b0179c, 41396 
R, 0xe3b01d54, 
W, 0xe3b017dc, 38260 
R, 0xe3b01d58, 
W, 0xe3b0181c, 38351 
R, 0xe3b01d5c, 
W, 0xe3b0185c, 63928 
R, 0xe3b01d60, 
W, 0xe3b0189c, 48022 
R, 0xe3b01d64, 
W, 0xe3b018dc, 29287 
R, 0xe3b01d68, 
W, 0xe3b0191c, 45584 
R, 0xe3b01d6c, 
W, 0xe3b0195c, 55096 
R, 0xe3b01d70, 
W, 0xe3b0199c, 26416 
R, 0xe3b01d74, 
W, 0xe3b019dc, 44341 
R, 0xe3b01d78, 
W, 0xe3b01a1c, 61541 
R, 0xe3b01d7c, 
W, 0xe3b01a5c, 49093 
R, 0xe3b01d80, 
W, 0xe3b016a0, 37187 
R, 0xe3b01d84, 
W, 0xe3b016e0, 36380 
R, 0xe3b01d88, 
W, 0xe3b01720, 34988 
R, 0xe3b01d8c, 
W, 0xe3b01760, 36152 
R, 0xe3b01d90, 
W, 0xe3b017a0, 30605 
R, 0xe3b01d94, 
W, 0xe3b017e0, 35643 
R, 0xe3b01d98, 
W, 0xe3b01820, 30423 
R, 0xe3b01d9c, 
W, 0xe3b01860, 43495 
R, 0xe3b01da0, 
W, 0xe3b018a0, 33374 
R, 0xe3b01da4, 
W, 0xe3b018e0, 26015 
R, 0xe3b01da8, 
W, 0xe3b01920, 31311 
R, 0xe3b01dac, 
W, 0xe3b01960, 49508 
R, 0xe3b01db0, 
W, 0xe3b019a0, 19406 
R, 0xe3b01db4, 
W, 0xe3b019e0, 32542 
R, 0xe3b01db8, 
W, 0xe3b01a20, 44983 
R, 0xe3b01dbc, 
W, 0xe3b01a60, 43877 
R, 0xe3b01dc0, 
W, 0xe3b016a4, 41891 
R, 0xe3b01dc4, 
W, 0xe3b016e4, 43049 
R, 0xe3b01dc8, 
W, 0xe3b01724, 38424 
R, 0xe3b01dcc, 
W, 0xe3b01764, 40754 
R, 0xe3b01dd0, 
W, 0xe3b017a4, 48204 
R, 0xe3b01dd4, 
W, 0xe3b017e4, 35977 
R, 0xe3b01dd8, 
W, 0xe3b01824, 35595 
R, 0xe3b01ddc, 
W, 0xe3b01864, 54367 
R, 0xe3b01de0, 
W, 0xe3b018a4, 39724 
R, 0xe3b01de4, 
W, 0xe3b018e4, 35218 
R, 0xe3b01de8, 
W, 0xe3b01924, 44070 
R, 0xe3b01dec, 
W, 0xe3b01964, 44702 
R, 0xe3b01df0, 
W, 0xe3b019a4, 24494 
R, 0xe3b01df4, 
W, 0xe3b019e4, 47971 
R, 0xe3b01df8, 
W, 0xe3b01a24, 51156 
R, 0xe3b01dfc, 
W, 0xe3b01a64, 42769 
R, 0xe3b01e00, 
W, 0xe3b016a8, 32193 
R, 0xe3b01e04, 
W, 0xe3b016e8, 31112 
R, 0xe3b01e08, 
W, 0xe3b01728, 31739 
R, 0xe3b01e0c, 
W, 0xe3b01768, 33049 
R, 0xe3b01e10, 
W, 0xe3b017a8, 32030 
R, 0xe3b01e14, 
W, 0xe3b017e8, 34296 
R, 0xe3b01e18, 
W, 0xe3b01828, 30674 
R, 0xe3b01e1c, 
W, 0xe3b01868, 42253 
R, 0xe3b01e20, 
W, 0xe3b018a8, 36690 
R, 0xe3b01e24, 
W, 0xe3b018e8, 30190 
R, 0xe3b01e28, 
W, 0xe3b01928, 34455 
R, 0xe3b01e2c, 
W, 0xe3b01968, 43157 
R, 0xe3b01e30, 
W, 0xe3b019a8, 19381 
R, 0xe3b01e34, 
W, 0xe3b019e8, 36529 
R, 0xe3b01e38, 
W, 0xe3b01a28, 42222 
R, 0xe3b01e3c, 
W, 0xe3b01a68, 33477 
R, 0xe3b01e40, 
W, 0xe3b016ac, 45363 
R, 0xe3b01e44, 
W, 0xe3b016ec, 37137 
R, 0xe3b01e48, 
W, 0xe3b0172c, 44051 
R, 0xe3b01e4c, 
W, 0xe3b0176c, 46494 
R, 0xe3b01e50, 
W, 0xe3b017ac, 39800 
R, 0xe3b01e54, 
W, 0xe3b017ec, 37747 
R, 0xe3b01e58, 
W, 0xe3b0182c, 29851 
R, 0xe3b01e5c, 
W, 0xe3b0186c, 47460 
R, 0xe3b01e60, 
W, 0xe3b018ac, 36943 
R, 0xe3b01e64, 
W, 0xe3b018ec, 32309 
R, 0xe3b01e68, 
W, 0xe3b0192c, 40644 
R, 0xe3b01e6c, 
W, 0xe3b0196c, 51333 
R, 0xe3b01e70, 
W, 0xe3b019ac, 23989 
R, 0xe3b01e74, 
W, 0xe3b019ec, 31418 
R, 0xe3b01e78, 
W, 0xe3b01a2c, 51204 
R, 0xe3b01e7c, 
W, 0xe3b01a6c, 49948 
